Suite/Test/Step Name,Browser,Description,Tag,Start time,End time,Duration,Status
Amazon_TestSuite_ValidateSearchFieldItem_002,Chrome 121.0.0.0,,,04-02-2024 01:10:00,04-02-2024 01:10:11,11.535s,PASSED
,,,,,,,
Test Cases/Amazon/TC_Amazon_ValidateSearchFieldItem_002,Chrome 121.0.0.0,,,04-02-2024 01:10:00,04-02-2024 01:10:11,11.382s,PASSED
"openBrowser("""")",Chrome 121.0.0.0,,,04-02-2024 01:10:00,04-02-2024 01:10:02,1.387s,PASSED
"navigateToUrl(""https://www.amazon.com/"")",Chrome 121.0.0.0,,,04-02-2024 01:10:02,04-02-2024 01:10:03,1.858s,PASSED
"selectOptionByValue(findTestObject(""Object Repository/Amazon_ValidateSearchFieldItem_OR/Page_Amazon.com. Spend less. Smile more/select_All Departments        Arts  Crafts _135c92""), ""search-alias=stripbooks-intl-ship"", true)",Chrome 121.0.0.0,,,04-02-2024 01:10:03,04-02-2024 01:10:06,2.351s,PASSED
"setText(findTestObject(""Object Repository/Amazon_ValidateSearchFieldItem_OR/Page_Amazon.com. Spend less. Smile more/input_field-keywords""), ""Da vinci code"")",Chrome 121.0.0.0,,,04-02-2024 01:10:06,04-02-2024 01:10:07,1.088s,PASSED
"click(findTestObject(""Object Repository/Amazon_ValidateSearchFieldItem_OR/Page_Amazon.com. Spend less. Smile more/inputnav-search-submit-button""))",Chrome 121.0.0.0,,,04-02-2024 01:10:07,04-02-2024 01:10:11,4.270s,PASSED
closeBrowser(),Chrome 121.0.0.0,,,04-02-2024 01:10:11,04-02-2024 01:10:11,0.256s,PASSED
