Suite/Test/Step Name,Browser,Description,Tag,Start time,End time,Duration,Status
Amazon_Login_Tlistener,Chrome 121.0.0.0,,,08-02-2024 01:39:31,08-02-2024 01:39:48,17.394s,ERROR
,,,,,,,
Test Cases/Amazon/TC_Amazon_Login_001,Chrome 121.0.0.0,,,08-02-2024 01:39:44,08-02-2024 01:39:48,3.950s,ERROR
Start listener action : sampleBeforeTestCase,Chrome 121.0.0.0,,,08-02-2024 01:39:44,08-02-2024 01:39:46,1.812s,PASSED
"openBrowser("""")",Chrome 121.0.0.0,,,08-02-2024 01:39:46,08-02-2024 01:39:47,0.748s,PASSED
"navigateToUrl(""https://www.amazon.com/"")",Chrome 121.0.0.0,,,08-02-2024 01:39:47,08-02-2024 01:39:48,1.210s,PASSED
"com.test.demo.AmazonPage.CheckDropElementKtalon(findTestObject(""Amazon_Login_OR/Page_Amazon.com. Spend less. Smile more/span_Sign in""), """")",Chrome 121.0.0.0,,,08-02-2024 01:39:48,08-02-2024 01:39:48,0.030s,ERROR
Start listener action : sampleAfterTestCase,Chrome 121.0.0.0,,,08-02-2024 01:39:48,08-02-2024 01:39:48,0.122s,PASSED
